{"rouge1": 4.760000000000001, "rouge2": 1.6, "rougeL": 4.1000000000000005, "rougeLsum": 4.3, "bertscore precision": 56.55, "bertscore recall": 33.739999999999995, "bertscore f1": 42.19}