{"rouge1": 54.730000000000004, "rouge2": 31.269999999999996, "rougeL": 33.28, "rougeLsum": 44.09, "bertscore precision": 66.11, "bertscore recall": 71.39999999999999, "bertscore f1": 68.54}